roll,fname,matricule,departmet,levels,sex,db1,c101,c102,c103,c104,c105,c106
1,ACC401,UBa/HIMS01/13/0003,ACCOUNTANCY,400,1,2013/2014,18,47,0,0,0,0
2,ACC401,UBa/HIMS01/13/0005,ACCOUNTANCY,400,1,2013/2014,13,62,0,0,0,0
3,ACC401,UBa/HIMS01/13/009,ACCOUNTANCY,400,1,2013/2014,11,30,0,0,0,0
4,ACC401,UBa/HIMS01/13/0083,ACCOUNTANCY,400,1,2013/2014,19,42,0,0,0,0
5,ACC401,UBa/HIMS01/13/0017,ACCOUNTANCY,400,1,2013/2014,16,34,0,0,0,0
6,ACC401,UBa/HIMS01/13/0086,ACCOUNTANCY,400,1,2013/2014,14,42,0,0,0,0
7,ACC401,UBa/HIMS01/13/0020,ACCOUNTANCY,400,1,2013/2014,20,55,0,0,0,0
8,ACC401,UBa/HIMS01/13/0089,ACCOUNTANCY,400,1,2013/2014,10,38,0,0,0,0
9,ACC401,UBa/HIMS01/13/0024,ACCOUNTANCY,400,1,2013/2014,7,63,0,0,0,0
10,ACC401,UBa/HIMS01/13/0028,ACCOUNTANCY,400,1,2013/2014,20,45,0,0,0,0
11,ACC401,UBa/HIMS01/13/0034,ACCOUNTANCY,400,1,2013/2014,14,29,0,0,0,0
12,ACC401,UBa/HIMS01/13/0035,ACCOUNTANCY,400,1,2013/2014,25,57,0,0,0,0
13,ACC401,UBa/HIMS01/13/0037,ACCOUNTANCY,400,1,2013/2014,11,30,0,0,0,0
14,ACC401,UBa/HIMS01/13/0101,ACCOUNTANCY,400,1,2013/2014,12,26,0,0,0,0
15,ACC401,UBa/HIMS01/13/0048,ACCOUNTANCY,400,1,2013/2014,15,41,0,0,0,0
16,ACC401,UBa/HIMS01/13/0055,ACCOUNTANCY,400,1,2013/2014,15,31,0,0,0,0
17,ACC401,UBa/HIMS01/13/0064,ACCOUNTANCY,400,1,2013/2014,11,57,0,0,0,0
18,ACC401,UBa/HIMS01/13/0103,ACCOUNTANCY,400,1,2013/2014,16,72,0,0,0,0
19,ACC401,UBa/HIMS01/13/0113,ACCOUNTANCY,400,1,2013/2014,10,38,0,0,0,0
20,ACC401,UBa/HIMS01/13/0118,ACCOUNTANCY,400,1,2013/2014,12,54,0,0,0,0
21,ACC401,UBa/HIMS01/13/0065,ACCOUNTANCY,400,1,2013/2014,19,42,0,0,0,0
22,ACC405,UBa/HIMS01/13/0003,ACCOUNTANCY,400,1,2013/2014,14,54,0,0,0,0
23,ACC405,UBa/HIMS01/13/0005,ACCOUNTANCY,400,1,2013/2014,16,59,0,0,0,0
24,ACC405,UBa/HIMS01/13/009,ACCOUNTANCY,400,1,2013/2014,19,56,0,0,0,0
25,ACC405,UBa/HIMS01/13/0083,ACCOUNTANCY,400,1,2013/2014,22,53.5,0,0,0,0
26,ACC405,UBa/HIMS01/13/0017,ACCOUNTANCY,400,1,2013/2014,17,37,0,0,0,0
27,ACC405,UBa/HIMS01/13/0086,ACCOUNTANCY,400,1,2013/2014,11,33,0,0,0,0
28,ACC405,UBa/HIMS01/13/0020,ACCOUNTANCY,400,1,2013/2014,20,59,0,0,0,0
29,ACC405,UBa/HIMS01/13/0089,ACCOUNTANCY,400,1,2013/2014,19,47,0,0,0,0
30,ACC405,UBa/HIMS01/13/0024,ACCOUNTANCY,400,1,2013/2014,20,55,0,0,0,0
31,ACC405,UBa/HIMS01/13/0028,ACCOUNTANCY,400,1,2013/2014,13,50.1,0,0,0,0
32,ACC405,UBa/HIMS01/13/0034,ACCOUNTANCY,400,1,2013/2014,13,38.5,0,0,0,0
33,ACC405,UBa/HIMS01/13/0035,ACCOUNTANCY,400,1,2013/2014,23,56,0,0,0,0
34,ACC405,UBa/HIMS01/13/0037,ACCOUNTANCY,400,1,2013/2014,17,35,0,0,0,0
35,ACC405,UBa/HIMS01/13/0101,ACCOUNTANCY,400,1,2013/2014,12,42.5,0,0,0,0
36,ACC405,UBa/HIMS01/13/0048,ACCOUNTANCY,400,1,2013/2014,15,24,0,0,0,0
37,ACC405,UBa/HIMS01/13/0055,ACCOUNTANCY,400,1,2013/2014,13,14,0,0,0,0
38,ACC405,UBa/HIMS01/13/0064,ACCOUNTANCY,400,1,2013/2014,16,45,0,0,0,0
39,ACC405,UBa/HIMS01/13/0103,ACCOUNTANCY,400,1,2013/2014,21,50.5,0,0,0,0
40,ACC405,UBa/HIMS01/13/0113,ACCOUNTANCY,400,1,2013/2014,15,35,0,0,0,0
41,ACC405,UBa/HIMS01/13/0118,ACCOUNTANCY,400,1,2013/2014,13,32,0,0,0,0
42,ACC405,UBa/HIMS01/13/0065,ACCOUNTANCY,400,1,2013/2014,13,41,0,0,0,0
43,ACC405,UBa/HIMS01/14/0065,ACCOUNTANCY,400,1,2013/2014,,,0,0,0,0
44,ACC405,UBa/HIMS01/14/0011,ACCOUNTANCY,400,1,2013/2014,,,0,0,0,0
45,ACC405,UBa/HIMS01/14/0144,ACCOUNTANCY,400,1,2013/2014,,,0,0,0,0
46,ACC407,UBa/HIMS01/13/0003,ACCOUNTANCY,400,1,2013/2014,12,53,0,0,0,0
47,ACC407,UBa/HIMS01/13/0005,ACCOUNTANCY,400,1,2013/2014,13,26,0,0,0,0
48,ACC407,UBa/HIMS01/13/009,ACCOUNTANCY,400,1,2013/2014,13,55,0,0,0,0
49,ACC407,UBa/HIMS01/13/0083,ACCOUNTANCY,400,1,2013/2014,18,50,0,0,0,0
50,ACC407,UBa/HIMS01/13/0017,ACCOUNTANCY,400,1,2013/2014,14,43,0,0,0,0
51,ACC407,UBa/HIMS01/13/0086,ACCOUNTANCY,400,1,2013/2014,15,40,0,0,0,0
52,ACC407,UBa/HIMS01/13/0020,ACCOUNTANCY,400,1,2013/2014,12,57,0,0,0,0
53,ACC407,UBa/HIMS01/13/0089,ACCOUNTANCY,400,1,2013/2014,16,50,0,0,0,0
54,ACC407,UBa/HIMS01/13/0024,ACCOUNTANCY,400,1,2013/2014,17,34,0,0,0,0
55,ACC407,UBa/HIMS01/13/0028,ACCOUNTANCY,400,1,2013/2014,9,41,0,0,0,0
56,ACC407,UBa/HIMS01/13/0034,ACCOUNTANCY,400,1,2013/2014,17,40,0,0,0,0
57,ACC407,UBa/HIMS01/13/0035,ACCOUNTANCY,400,1,2013/2014,13,57,0,0,0,0
58,ACC407,UBa/HIMS01/13/0037,ACCOUNTANCY,400,1,2013/2014,11,38,0,0,0,0
59,ACC407,UBa/HIMS01/13/0101,ACCOUNTANCY,400,1,2013/2014,4,38,0,0,0,0
60,ACC407,UBa/HIMS01/13/0048,ACCOUNTANCY,400,1,2013/2014,12,46,0,0,0,0
61,ACC407,UBa/HIMS01/13/0055,ACCOUNTANCY,400,1,2013/2014,12,28,0,0,0,0
62,ACC407,UBa/HIMS01/13/0064,ACCOUNTANCY,400,1,2013/2014,10,43,0,0,0,0
63,ACC407,UBa/HIMS01/13/0103,ACCOUNTANCY,400,1,2013/2014,12,41,0,0,0,0
64,ACC407,UBa/HIMS01/13/0113,ACCOUNTANCY,400,1,2013/2014,12,34,0,0,0,0
65,ACC407,UBa/HIMS01/13/0118,ACCOUNTANCY,400,1,2013/2014,12,33,0,0,0,0
66,ACC407,UBa/HIMS01/13/0065,ACCOUNTANCY,400,1,2013/2014,12,56,0,0,0,0
67,ACC407,UBa/HIMS01/14/0065,ACCOUNTANCY,400,1,2013/2014,0,0,0,0,0,0
68,ACC407,UBa/HIMS01/14/0011,ACCOUNTANCY,400,1,2013/2014,0,0,0,0,0,0
69,ACC407,UBa/HIMS01/14/0144,ACCOUNTANCY,400,1,2013/2014,0,0,0,0,0,0
70,ACC403,UBa/HIMS01/13/0003,ACCOUNTANCY,400,1,2013/2014,22,34,0,0,0,0
71,ACC403,UBa/HIMS01/13/0005,ACCOUNTANCY,400,1,2013/2014,19,41,0,0,0,0
72,ACC403,UBa/HIMS01/13/009,ACCOUNTANCY,400,1,2013/2014,27,48,0,0,0,0
73,ACC403,UBa/HIMS01/13/0083,ACCOUNTANCY,400,1,2013/2014,23,48,0,0,0,0
74,ACC403,UBa/HIMS01/13/0017,ACCOUNTANCY,400,1,2013/2014,17,41,0,0,0,0
75,ACC403,UBa/HIMS01/13/0086,ACCOUNTANCY,400,1,2013/2014,20,38,0,0,0,0
76,ACC403,UBa/HIMS01/13/0020,ACCOUNTANCY,400,1,2013/2014,22,41,0,0,0,0
77,ACC403,UBa/HIMS01/13/0089,ACCOUNTANCY,400,1,2013/2014,20,46,0,0,0,0
78,ACC403,UBa/HIMS01/13/0024,ACCOUNTANCY,400,1,2013/2014,20,53,0,0,0,0
79,ACC403,UBa/HIMS01/13/0028,ACCOUNTANCY,400,1,2013/2014,25,56,0,0,0,0
80,ACC403,UBa/HIMS01/13/0034,ACCOUNTANCY,400,1,2013/2014,24,31,0,0,0,0
81,ACC403,UBa/HIMS01/13/0035,ACCOUNTANCY,400,1,2013/2014,27,53,0,0,0,0
82,ACC403,UBa/HIMS01/13/0037,ACCOUNTANCY,400,1,2013/2014,20,34,0,0,0,0
83,ACC403,UBa/HIMS01/13/0101,ACCOUNTANCY,400,1,2013/2014,18,19,0,0,0,0
84,ACC403,UBa/HIMS01/13/0048,ACCOUNTANCY,400,1,2013/2014,14,27,0,0,0,0
85,ACC403,UBa/HIMS01/13/0055,ACCOUNTANCY,400,1,2013/2014,20,46,0,0,0,0
86,ACC403,UBa/HIMS01/13/0064,ACCOUNTANCY,400,1,2013/2014,27,46,0,0,0,0
87,ACC403,UBa/HIMS01/13/0103,ACCOUNTANCY,400,1,2013/2014,14,51,0,0,0,0
88,ACC403,UBa/HIMS01/13/0113,ACCOUNTANCY,400,1,2013/2014,21,49,0,0,0,0
89,ACC403,UBa/HIMS01/13/0118,ACCOUNTANCY,400,1,2013/2014,10,38,0,0,0,0
90,ACC403,UBa/HIMS01/13/0065,ACCOUNTANCY,400,1,2013/2014,20,41,0,0,0,0
91,ACC407,UBa/HIMS01/14/0065,ACCOUNTANCY,400,1,2013/2014,0,0,0,0,0,0
92,ACC407,UBa/HIMS01/14/0011,ACCOUNTANCY,400,1,2013/2014,0,0,0,0,0,0
93,ACC407,UBa/HIMS01/14/0144,ACCOUNTANCY,400,1,2013/2014,0,0,0,0,0,0
95,ACC409,UBa/HIMS01/13/0003,ACCOUNTANCY,400,1,2013/2014,22,54,0,0,0,0
96,ACC409,UBa/HIMS01/13/0005,ACCOUNTANCY,400,1,2013/2014,17,45,0,0,0,0
97,ACC409,UBa/HIMS01/13/009,ACCOUNTANCY,400,1,2013/2014,21,43,0,0,0,0
98,ACC409,UBa/HIMS01/13/0083,ACCOUNTANCY,400,1,2013/2014,18,50,0,0,0,0
99,ACC409,UBa/HIMS01/13/0017,ACCOUNTANCY,400,1,2013/2014,20,35,0,0,0,0
100,ACC409,UBa/HIMS01/13/0086,ACCOUNTANCY,400,1,2013/2014,19,49,0,0,0,0
101,ACC409,UBa/HIMS01/13/0020,ACCOUNTANCY,400,1,2013/2014,18,57,0,0,0,0
102,ACC409,UBa/HIMS01/13/0089,ACCOUNTANCY,400,1,2013/2014,20,50,0,0,0,0
103,ACC409,UBa/HIMS01/13/0024,ACCOUNTANCY,400,1,2013/2014,18,49,0,0,0,0
104,ACC409,UBa/HIMS01/13/0028,ACCOUNTANCY,400,1,2013/2014,18,47,0,0,0,0
105,ACC409,UBa/HIMS01/13/0034,ACCOUNTANCY,400,1,2013/2014,21,49,0,0,0,0
106,ACC409,UBa/HIMS01/13/0035,ACCOUNTANCY,400,1,2013/2014,19,59,0,0,0,0
107,ACC409,UBa/HIMS01/13/0037,ACCOUNTANCY,400,1,2013/2014,19,38,0,0,0,0
108,ACC409,UBa/HIMS01/13/0101,ACCOUNTANCY,400,1,2013/2014,18,47,0,0,0,0
109,ACC409,UBa/HIMS01/13/0048,ACCOUNTANCY,400,1,2013/2014,17,50,0,0,0,0
110,ACC409,UBa/HIMS01/13/0055,ACCOUNTANCY,400,1,2013/2014,12,49,0,0,0,0
111,ACC409,UBa/HIMS01/13/0064,ACCOUNTANCY,400,1,2013/2014,21,57,0,0,0,0
112,ACC409,UBa/HIMS01/13/0103,ACCOUNTANCY,400,1,2013/2014,19,56,0,0,0,0
113,ACC409,UBa/HIMS01/13/0113,ACCOUNTANCY,400,1,2013/2014,19,45,0,0,0,0
114,ACC409,UBa/HIMS01/13/0118,ACCOUNTANCY,400,1,2013/2014,20,60,0,0,0,0
115,ACC409,UBa/HIMS01/13/0065,ACCOUNTANCY,400,1,2013/2014,23,50,0,0,0,0
116,BNF403,UBa/HIMS02/13/0076,BANKING AND FINANCE,400,1,2013/2014,13,49,0,0,0,0
117,BNF403,UBa/HIMS02/13/0004,BANKING AND FINANCE,400,1,2013/2014,17,34,0,0,0,0
118,BNF403,UBa/HIMS02/13/0077,BANKING AND FINANCE,400,1,2013/2014,12,45,0,0,0,0
119,BNF403,UBa/HIMS02/13/0006,BANKING AND FINANCE,400,1,2013/2014,17,39,0,0,0,0
120,BNF403,UBa/HIMS02/13/0078,BANKING AND FINANCE,400,1,2013/2014,21,41,0,0,0,0
121,BNF403,UBa/HIMS02/13/0009,BANKING AND FINANCE,400,1,2013/2014,9,55,0,0,0,0
122,BNF403,UBa/HIMS02/13/0010,BANKING AND FINANCE,400,1,2013/2014,15,46,0,0,0,0
123,BNF403,UBa/HIMS02/13/0022,BANKING AND FINANCE,400,1,2013/2014,16,42,0,0,0,0
124,BNF403,UBa/HIMS02/13/0025,BANKING AND FINANCE,400,1,2013/2014,20,40,0,0,0,0
125,BNF403,UBa/HIMS02/13/0090,BANKING AND FINANCE,400,1,2013/2014,10,51,0,0,0,0
126,BNF403,UBa/HIMS02/13/0027,BANKING AND FINANCE,400,1,2013/2014,17,29,0,0,0,0
127,BNF403,UBa/HIMS02/13/0033,BANKING AND FINANCE,400,1,2013/2014,15,39,0,0,0,0
128,BNF403,UBa/HIMS02/13/0092,BANKING AND FINANCE,400,1,2013/2014,14,48,0,0,0,0
129,BNF403,UBa/HIMS02/13/0094,BANKING AND FINANCE,400,1,2013/2014,12,29,0,0,0,0
130,BNF403,UBa/HIMS02/13/0099,BANKING AND FINANCE,400,1,2013/2014,17,48,0,0,0,0
131,BNF403,UBa/HIMS02/13/0038,BANKING AND FINANCE,400,1,2013/2014,17,28,0,0,0,0
132,BNF403,UBa/HIMS02/13/0040,BANKING AND FINANCE,400,1,2013/2014,15,46,0,0,0,0
133,BNF403,UBa/HIMS02/13/0041,BANKING AND FINANCE,400,1,2013/2014,16,56,0,0,0,0
134,BNF403,UBa/HIMS02/13/0045,BANKING AND FINANCE,400,1,2013/2014,13,27,0,0,0,0
135,BNF403,UBa/HIMS02/13/0046,BANKING AND FINANCE,400,1,2013/2014,14,56,0,0,0,0
136,BNF403,UBa/HIMS02/13/0050,BANKING AND FINANCE,400,1,2013/2014,15,59,0,0,0,0
137,BNF403,UBa/HIMS02/13/0051,BANKING AND FINANCE,400,1,2013/2014,12,27,0,0,0,0
138,BNF403,UBa/HIMS02/13/0054,BANKING AND FINANCE,400,1,2013/2014,18,48,0,0,0,0
139,BNF403,UBa/HIMS02/13/0059,BANKING AND FINANCE,400,1,2013/2014,13,40,0,0,0,0
140,BNF403,UBa/HIMS02/13/0062,BANKING AND FINANCE,400,1,2013/2014,16,29,0,0,0,0
141,BNF403,UBa/HIMS02/13/0063,BANKING AND FINANCE,400,1,2013/2014,0,0,0,0,0,0
142,BNF403,UBa/HIMS02/13/0068,BANKING AND FINANCE,400,1,2013/2014,13,34,0,0,0,0
143,BNF403,UBa/HIMS02/13/0069,BANKING AND FINANCE,400,1,2013/2014,16,6,0,0,0,0
144,BNF403,UBa/HIMS02/13/0071,BANKING AND FINANCE,400,1,2013/2014,0,0,0,0,0,0
145,BNF403,UBa/HIMS02/13/0115,BANKING AND FINANCE,400,1,2013/2014,0,0,0,0,0,0
146,BNF403,UBa/HIMS02/13/0116,BANKING AND FINANCE,400,1,2013/2014,0,0,0,0,0,0
147,BNF403,UBa/HIMS02/13/0123,BANKING AND FINANCE,400,1,2013/2014,0,0,0,0,0,0
148,BNF403,UBa/HIMS02/13/0126,BANKING AND FINANCE,400,1,2013/2014,12,45,0,0,0,0
149,BNF403,UBa/HIMS02/13/0128,BANKING AND FINANCE,400,1,2013/2014,15,34,0,0,0,0
150,BNF403,UBa/HIMS02/13/0132,BANKING AND FINANCE,400,1,2013/2014,0,0,0,0,0,0
151,BNF403,UBa/HIMS02/13/0134,BANKING AND FINANCE,400,1,2013/2014,0,0,0,0,0,0
152,BNF403,UBa/HIMS02/13/0135,BANKING AND FINANCE,400,1,2013/2014,14,48,0,0,0,0
153,BNF403,UBa/HIMS02/14/0032,BANKING AND FINANCE,400,1,2013/2014,,,0,0,0,0
154,BNF403,UBa/HIMS02/14/0088,BANKING AND FINANCE,400,1,2013/2014,,,0,0,0,0
155,BNF403,UBa/HIMS02/14/0096,BANKING AND FINANCE,400,1,2013/2014,,,0,0,0,0
156,BNF403,UBa/HIMS02/14/0100,BANKING AND FINANCE,400,1,2013/2014,,,0,0,0,0
158,BNF405,UBa/HIMS02/13/0076,BANKING AND FINANCE,400,1,2013/2014,19,56,0,0,0,0
159,BNF405,UBa/HIMS02/13/0004,BANKING AND FINANCE,400,1,2013/2014,11,33,0,0,0,0
160,BNF405,UBa/HIMS02/13/0077,BANKING AND FINANCE,400,1,2013/2014,14,46,0,0,0,0
161,BNF405,UBa/HIMS02/13/0006,BANKING AND FINANCE,400,1,2013/2014,15,26,0,0,0,0
162,BNF405,UBa/HIMS02/13/0078,BANKING AND FINANCE,400,1,2013/2014,22,53,0,0,0,0
163,BNF405,UBa/HIMS02/13/0009,BANKING AND FINANCE,400,1,2013/2014,11,15,0,0,0,0
164,BNF405,UBa/HIMS02/13/0010,BANKING AND FINANCE,400,1,2013/2014,20,41,0,0,0,0
165,BNF405,UBa/HIMS02/13/0022,BANKING AND FINANCE,400,1,2013/2014,18,38,0,0,0,0
166,BNF405,UBa/HIMS02/13/0025,BANKING AND FINANCE,400,1,2013/2014,15,31,0,0,0,0
167,BNF405,UBa/HIMS02/13/0090,BANKING AND FINANCE,400,1,2013/2014,18,64,0,0,0,0
168,BNF405,UBa/HIMS02/13/0027,BANKING AND FINANCE,400,1,2013/2014,19,53,0,0,0,0
169,BNF405,UBa/HIMS02/13/0033,BANKING AND FINANCE,400,1,2013/2014,19,28,0,0,0,0
170,BNF405,UBa/HIMS02/13/0092,BANKING AND FINANCE,400,1,2013/2014,12,61,0,0,0,0
171,BNF405,UBa/HIMS02/13/0094,BANKING AND FINANCE,400,1,2013/2014,17,14,0,0,0,0
172,BNF405,UBa/HIMS02/13/0099,BANKING AND FINANCE,400,1,2013/2014,16,71,0,0,0,0
173,BNF405,UBa/HIMS02/13/0038,BANKING AND FINANCE,400,1,2013/2014,1,0,0,0,0,0
174,BNF405,UBa/HIMS02/13/0040,BANKING AND FINANCE,400,1,2013/2014,9,33,0,0,0,0
175,BNF405,UBa/HIMS02/13/0041,BANKING AND FINANCE,400,1,2013/2014,16,49,0,0,0,0
176,BNF405,UBa/HIMS02/13/0045,BANKING AND FINANCE,400,1,2013/2014,18,40,0,0,0,0
177,BNF405,UBa/HIMS02/13/0046,BANKING AND FINANCE,400,1,2013/2014,14,36,0,0,0,0
178,BNF405,UBa/HIMS02/13/0050,BANKING AND FINANCE,400,1,2013/2014,17,34,0,0,0,0
179,BNF405,UBa/HIMS02/13/0051,BANKING AND FINANCE,400,1,2013/2014,10,23,0,0,0,0
180,BNF405,UBa/HIMS02/13/0054,BANKING AND FINANCE,400,1,2013/2014,20,56,0,0,0,0
181,BNF405,UBa/HIMS02/13/0059,BANKING AND FINANCE,400,1,2013/2014,14,33,0,0,0,0
182,BNF405,UBa/HIMS02/13/0062,BANKING AND FINANCE,400,1,2013/2014,12,48,0,0,0,0
183,BNF405,UBa/HIMS02/13/0063,BANKING AND FINANCE,400,1,2013/2014,,,0,0,0,0
184,BNF405,UBa/HIMS02/13/0068,BANKING AND FINANCE,400,1,2013/2014,8,41,0,0,0,0
185,BNF405,UBa/HIMS02/13/0069,BANKING AND FINANCE,400,1,2013/2014,21,68,0,0,0,0
186,BNF405,UBa/HIMS02/13/0071,BANKING AND FINANCE,400,1,2013/2014,,,0,0,0,0
187,BNF405,UBa/HIMS02/13/0115,BANKING AND FINANCE,400,1,2013/2014,,,0,0,0,0
188,BNF405,UBa/HIMS02/13/0116,BANKING AND FINANCE,400,1,2013/2014,22,55,0,0,0,0
189,BNF405,UBa/HIMS02/13/0123,BANKING AND FINANCE,400,1,2013/2014,,,0,0,0,0
190,BNF405,UBa/HIMS02/13/0126,BANKING AND FINANCE,400,1,2013/2014,,,0,0,0,0
191,BNF405,UBa/HIMS02/13/0128,BANKING AND FINANCE,400,1,2013/2014,18,48,0,0,0,0
192,BNF405,UBa/HIMS02/13/0132,BANKING AND FINANCE,400,1,2013/2014,14,38,0,0,0,0
193,BNF405,UBa/HIMS02/13/0134,BANKING AND FINANCE,400,1,2013/2014,,,0,0,0,0
194,BNF405,UBa/HIMS02/13/0135,BANKING AND FINANCE,400,1,2013/2014,15,48,0,0,0,0
195,BNF405,UBa/HIMS02/14/0032,BANKING AND FINANCE,400,1,2013/2014,,,0,0,0,0
196,BNF405,UBa/HIMS02/14/0088,BANKING AND FINANCE,400,1,2013/2014,,,0,0,0,0
197,BNF405,UBa/HIMS02/14/0096,BANKING AND FINANCE,400,1,2013/2014,,,0,0,0,0
198,BNF405,UBa/HIMS02/14/0100,BANKING AND FINANCE,400,1,2013/2014,,,0,0,0,0
200,BNF407,UBa/HIMS02/13/0076,BANKING AND FINANCE,400,1,2013/2014,14,37,0,0,0,0
201,BNF407,UBa/HIMS02/13/0004,BANKING AND FINANCE,400,1,2013/2014,18,26,0,0,0,0
202,BNF407,UBa/HIMS02/13/0077,BANKING AND FINANCE,400,1,2013/2014,18,31,0,0,0,0
203,BNF407,UBa/HIMS02/13/0006,BANKING AND FINANCE,400,1,2013/2014,24,39,0,0,0,0
204,BNF407,UBa/HIMS02/13/0078,BANKING AND FINANCE,400,1,2013/2014,23,43,0,0,0,0
205,BNF407,UBa/HIMS02/13/0009,BANKING AND FINANCE,400,1,2013/2014,20,19,0,0,0,0
206,BNF407,UBa/HIMS02/13/0010,BANKING AND FINANCE,400,1,2013/2014,22,32,0,0,0,0
207,BNF407,UBa/HIMS02/13/0022,BANKING AND FINANCE,400,1,2013/2014,21,33,0,0,0,0
208,BNF407,UBa/HIMS02/13/0025,BANKING AND FINANCE,400,1,2013/2014,20,42,0,0,0,0
209,BNF407,UBa/HIMS02/13/0090,BANKING AND FINANCE,400,1,2013/2014,15,41,0,0,0,0
210,BNF407,UBa/HIMS02/13/0027,BANKING AND FINANCE,400,1,2013/2014,19,42,0,0,0,0
211,BNF407,UBa/HIMS02/13/0033,BANKING AND FINANCE,400,1,2013/2014,19,30,0,0,0,0
212,BNF407,UBa/HIMS02/13/0092,BANKING AND FINANCE,400,1,2013/2014,20,32,0,0,0,0
213,BNF407,UBa/HIMS02/13/0094,BANKING AND FINANCE,400,1,2013/2014,14,19,0,0,0,0
214,BNF407,UBa/HIMS02/13/0099,BANKING AND FINANCE,400,1,2013/2014,19,36,0,0,0,0
215,BNF407,UBa/HIMS02/13/0038,BANKING AND FINANCE,400,1,2013/2014,20,47,0,0,0,0
216,BNF407,UBa/HIMS02/13/0040,BANKING AND FINANCE,400,1,2013/2014,17,34,0,0,0,0
217,BNF407,UBa/HIMS02/13/0041,BANKING AND FINANCE,400,1,2013/2014,19,62,0,0,0,0
218,BNF407,UBa/HIMS02/13/0045,BANKING AND FINANCE,400,1,2013/2014,18,29,0,0,0,0
219,BNF407,UBa/HIMS02/13/0046,BANKING AND FINANCE,400,1,2013/2014,20,30,0,0,0,0
220,BNF407,UBa/HIMS02/13/0050,BANKING AND FINANCE,400,1,2013/2014,18,33,0,0,0,0
221,BNF407,UBa/HIMS02/13/0051,BANKING AND FINANCE,400,1,2013/2014,21,21,0,0,0,0
222,BNF407,UBa/HIMS02/13/0054,BANKING AND FINANCE,400,1,2013/2014,19,42,0,0,0,0
223,BNF407,UBa/HIMS02/13/0059,BANKING AND FINANCE,400,1,2013/2014,13,21,0,0,0,0
224,BNF407,UBa/HIMS02/13/0062,BANKING AND FINANCE,400,1,2013/2014,16,29,0,0,0,0
225,BNF407,UBa/HIMS02/13/0063,BANKING AND FINANCE,400,1,2013/2014,,,0,0,0,0
226,BNF407,UBa/HIMS02/13/0068,BANKING AND FINANCE,400,1,2013/2014,14,34,0,0,0,0
227,BNF407,UBa/HIMS02/13/0069,BANKING AND FINANCE,400,1,2013/2014,19,44,0,0,0,0
228,BNF407,UBa/HIMS02/13/0071,BANKING AND FINANCE,400,1,2013/2014,,,0,0,0,0
229,BNF407,UBa/HIMS02/13/0115,BANKING AND FINANCE,400,1,2013/2014,,,0,0,0,0
230,BNF407,UBa/HIMS02/13/0116,BANKING AND FINANCE,400,1,2013/2014,14,37,0,0,0,0
231,BNF407,UBa/HIMS02/13/0123,BANKING AND FINANCE,400,1,2013/2014,,,0,0,0,0
232,BNF407,UBa/HIMS02/13/0126,BANKING AND FINANCE,400,1,2013/2014,18,35,0,0,0,0
233,BNF407,UBa/HIMS02/13/0128,BANKING AND FINANCE,400,1,2013/2014,14,28,0,0,0,0
234,BNF407,UBa/HIMS02/13/0132,BANKING AND FINANCE,400,1,2013/2014,,,0,0,0,0
235,BNF407,UBa/HIMS02/13/0134,BANKING AND FINANCE,400,1,2013/2014,,,0,0,0,0
236,BNF407,UBa/HIMS02/13/0135,BANKING AND FINANCE,400,1,2013/2014,19,27,0,0,0,0
237,BNF407,UBa/HIMS02/14/0032,BANKING AND FINANCE,400,1,2013/2014,,,0,0,0,0
238,BNF407,UBa/HIMS02/14/0088,BANKING AND FINANCE,400,1,2013/2014,,,0,0,0,0
239,BNF407,UBa/HIMS02/14/0096,BANKING AND FINANCE,400,1,2013/2014,,,0,0,0,0
240,BNF407,UBa/HIMS02/14/0100,BANKING AND FINANCE,400,1,2013/2014,,,0,0,0,0
242,BNF401,UBa/HIMS02/13/0076,BANKING AND FINANCE,400,1,2013/2014,14,40,0,0,0,0
243,BNF401,UBa/HIMS02/13/0004,BANKING AND FINANCE,400,1,2013/2014,16,40,0,0,0,0
244,BNF401,UBa/HIMS02/13/0077,BANKING AND FINANCE,400,1,2013/2014,18,44,0,0,0,0
245,BNF401,UBa/HIMS02/13/0006,BANKING AND FINANCE,400,1,2013/2014,16,34,0,0,0,0
246,BNF401,UBa/HIMS02/13/0078,BANKING AND FINANCE,400,1,2013/2014,16,51,0,0,0,0
247,BNF401,UBa/HIMS02/13/0009,BANKING AND FINANCE,400,1,2013/2014,10,23,0,0,0,0
248,BNF401,UBa/HIMS02/13/0010,BANKING AND FINANCE,400,1,2013/2014,20,43,0,0,0,0
249,BNF401,UBa/HIMS02/13/0022,BANKING AND FINANCE,400,1,2013/2014,18,50,0,0,0,0
250,BNF401,UBa/HIMS02/13/0025,BANKING AND FINANCE,400,1,2013/2014,19,57,0,0,0,0
251,BNF401,UBa/HIMS02/13/0090,BANKING AND FINANCE,400,1,2013/2014,21,54,0,0,0,0
252,BNF401,UBa/HIMS02/13/0027,BANKING AND FINANCE,400,1,2013/2014,14,52,0,0,0,0
253,BNF401,UBa/HIMS02/13/0033,BANKING AND FINANCE,400,1,2013/2014,16,41,0,0,0,0
254,BNF401,UBa/HIMS02/13/0092,BANKING AND FINANCE,400,1,2013/2014,20,47,0,0,0,0
255,BNF401,UBa/HIMS02/13/0094,BANKING AND FINANCE,400,1,2013/2014,20,42,0,0,0,0
256,BNF401,UBa/HIMS02/13/0099,BANKING AND FINANCE,400,1,2013/2014,20,45,0,0,0,0
257,BNF401,UBa/HIMS02/13/0038,BANKING AND FINANCE,400,1,2013/2014,16,52,0,0,0,0
258,BNF401,UBa/HIMS02/13/0040,BANKING AND FINANCE,400,1,2013/2014,19,78,0,0,0,0
259,BNF401,UBa/HIMS02/13/0041,BANKING AND FINANCE,400,1,2013/2014,18,36,0,0,0,0
260,BNF401,UBa/HIMS02/13/0045,BANKING AND FINANCE,400,1,2013/2014,21,59,0,0,0,0
261,BNF401,UBa/HIMS02/13/0046,BANKING AND FINANCE,400,1,2013/2014,14,41,0,0,0,0
262,BNF401,UBa/HIMS02/13/0050,BANKING AND FINANCE,400,1,2013/2014,11,31,0,0,0,0
263,BNF401,UBa/HIMS02/13/0051,BANKING AND FINANCE,400,1,2013/2014,16,50,0,0,0,0
264,BNF401,UBa/HIMS02/13/0054,BANKING AND FINANCE,400,1,2013/2014,16,39,0,0,0,0
265,BNF401,UBa/HIMS02/13/0059,BANKING AND FINANCE,400,1,2013/2014,16,53,0,0,0,0
266,BNF401,UBa/HIMS02/13/0062,BANKING AND FINANCE,400,1,2013/2014,18,38,0,0,0,0
267,BNF401,UBa/HIMS02/13/0063,BANKING AND FINANCE,400,1,2013/2014,,,0,0,0,0
268,BNF401,UBa/HIMS02/13/0068,BANKING AND FINANCE,400,1,2013/2014,14,38,0,0,0,0
269,BNF401,UBa/HIMS02/13/0069,BANKING AND FINANCE,400,1,2013/2014,22,44,0,0,0,0
270,BNF401,UBa/HIMS02/13/0071,BANKING AND FINANCE,400,1,2013/2014,,,0,0,0,0
271,BNF401,UBa/HIMS02/13/0115,BANKING AND FINANCE,400,1,2013/2014,,,0,0,0,0
272,BNF401,UBa/HIMS02/13/0116,BANKING AND FINANCE,400,1,2013/2014,18,50,0,0,0,0
273,BNF401,UBa/HIMS02/13/0123,BANKING AND FINANCE,400,1,2013/2014,,,0,0,0,0
274,BNF401,UBa/HIMS02/13/0126,BANKING AND FINANCE,400,1,2013/2014,16,36,0,0,0,0
275,BNF401,UBa/HIMS02/13/0128,BANKING AND FINANCE,400,1,2013/2014,20,49,0,0,0,0
276,BNF401,UBa/HIMS02/13/0132,BANKING AND FINANCE,400,1,2013/2014,,,0,0,0,0
277,BNF401,UBa/HIMS02/13/0134,BANKING AND FINANCE,400,1,2013/2014,,,0,0,0,0
278,BNF401,UBa/HIMS02/13/0135,BANKING AND FINANCE,400,1,2013/2014,18,48,0,0,0,0
279,BNF401,UBa/HIMS02/14/0032,BANKING AND FINANCE,400,1,2013/2014,,,0,0,0,0
280,BNF401,UBa/HIMS02/14/0088,BANKING AND FINANCE,400,1,2013/2014,,,0,0,0,0
281,BNF401,UBa/HIMS02/14/0096,BANKING AND FINANCE,400,1,2013/2014,,,0,0,0,0
282,BNF401,UBa/HIMS02/14/0100,BANKING AND FINANCE,400,1,2013/2014,,,0,0,0,0
284,BNF409,UBa/HIMS02/13/0076,BANKING AND FINANCE,400,1,2013/2014,17,32,0,0,0,0
285,BNF409,UBa/HIMS02/13/0004,BANKING AND FINANCE,400,1,2013/2014,18,50,0,0,0,0
286,BNF409,UBa/HIMS02/13/0077,BANKING AND FINANCE,400,1,2013/2014,17,39,0,0,0,0
287,BNF409,UBa/HIMS02/13/0006,BANKING AND FINANCE,400,1,2013/2014,20,48,0,0,0,0
288,BNF409,UBa/HIMS02/13/0078,BANKING AND FINANCE,400,1,2013/2014,23,57,0,0,0,0
289,BNF409,UBa/HIMS02/13/0009,BANKING AND FINANCE,400,1,2013/2014,19,47,0,0,0,0
290,BNF409,UBa/HIMS02/13/0010,BANKING AND FINANCE,400,1,2013/2014,19,38,0,0,0,0
291,BNF409,UBa/HIMS02/13/0022,BANKING AND FINANCE,400,1,2013/2014,21,43,0,0,0,0
292,BNF409,UBa/HIMS02/13/0025,BANKING AND FINANCE,400,1,2013/2014,19,36,0,0,0,0
293,BNF409,UBa/HIMS02/13/0090,BANKING AND FINANCE,400,1,2013/2014,18,48,0,0,0,0
294,BNF409,UBa/HIMS02/13/0027,BANKING AND FINANCE,400,1,2013/2014,23,51,0,0,0,0
295,BNF409,UBa/HIMS02/13/0033,BANKING AND FINANCE,400,1,2013/2014,16,56,0,0,0,0
296,BNF409,UBa/HIMS02/13/0092,BANKING AND FINANCE,400,1,2013/2014,17,38,0,0,0,0
297,BNF409,UBa/HIMS02/13/0094,BANKING AND FINANCE,400,1,2013/2014,15,42,0,0,0,0
298,BNF409,UBa/HIMS02/13/0099,BANKING AND FINANCE,400,1,2013/2014,22,50,0,0,0,0
299,BNF409,UBa/HIMS02/13/0038,BANKING AND FINANCE,400,1,2013/2014,19,38,0,0,0,0
300,BNF409,UBa/HIMS02/13/0040,BANKING AND FINANCE,400,1,2013/2014,18,27,0,0,0,0
301,BNF409,UBa/HIMS02/13/0041,BANKING AND FINANCE,400,1,2013/2014,20,50,0,0,0,0
302,BNF409,UBa/HIMS02/13/0045,BANKING AND FINANCE,400,1,2013/2014,20,36,0,0,0,0
303,BNF409,UBa/HIMS02/13/0046,BANKING AND FINANCE,400,1,2013/2014,20,35,0,0,0,0
304,BNF409,UBa/HIMS02/13/0050,BANKING AND FINANCE,400,1,2013/2014,16,42,0,0,0,0
305,BNF409,UBa/HIMS02/13/0051,BANKING AND FINANCE,400,1,2013/2014,19,48,0,0,0,0
306,BNF409,UBa/HIMS02/13/0054,BANKING AND FINANCE,400,1,2013/2014,22,32,0,0,0,0
307,BNF409,UBa/HIMS02/13/0059,BANKING AND FINANCE,400,1,2013/2014,18,32,0,0,0,0
308,BNF409,UBa/HIMS02/13/0062,BANKING AND FINANCE,400,1,2013/2014,15,33,0,0,0,0
309,BNF409,UBa/HIMS02/13/0063,BANKING AND FINANCE,400,1,2013/2014,,,0,0,0,0
310,BNF409,UBa/HIMS02/13/0068,BANKING AND FINANCE,400,1,2013/2014,16,35,0,0,0,0
311,BNF409,UBa/HIMS02/13/0069,BANKING AND FINANCE,400,1,2013/2014,16,54,0,0,0,0
312,BNF409,UBa/HIMS02/13/0071,BANKING AND FINANCE,400,1,2013/2014,,,0,0,0,0
313,BNF409,UBa/HIMS02/13/0115,BANKING AND FINANCE,400,1,2013/2014,,,0,0,0,0
314,BNF409,UBa/HIMS02/13/0116,BANKING AND FINANCE,400,1,2013/2014,22,49,0,0,0,0
315,BNF409,UBa/HIMS02/13/0123,BANKING AND FINANCE,400,1,2013/2014,,,0,0,0,0
316,BNF409,UBa/HIMS02/13/0126,BANKING AND FINANCE,400,1,2013/2014,17,35,0,0,0,0
317,BNF409,UBa/HIMS02/13/0128,BANKING AND FINANCE,400,1,2013/2014,18,47,0,0,0,0
318,BNF409,UBa/HIMS02/13/0132,BANKING AND FINANCE,400,1,2013/2014,,,0,0,0,0
319,BNF409,UBa/HIMS02/13/0134,BANKING AND FINANCE,400,1,2013/2014,,,0,0,0,0
320,BNF409,UBa/HIMS02/13/0135,BANKING AND FINANCE,400,1,2013/2014,18,50,0,0,0,0
321,BNF409,UBa/HIMS02/14/0032,BANKING AND FINANCE,400,1,2013/2014,,,0,0,0,0
322,BNF409,UBa/HIMS02/14/0088,BANKING AND FINANCE,400,1,2013/2014,,,0,0,0,0
323,BNF409,UBa/HIMS02/14/0096,BANKING AND FINANCE,400,1,2013/2014,,,0,0,0,0
324,BNF409,UBa/HIMS02/14/0100,BANKING AND FINANCE,400,1,2013/2014,,,0,0,0,0
326,MGS401,UBa/HIMS04/13/0001,MANAGEMENT,400,1,2013/2014,23,61,0,0,0,0
327,MGS401,UBa/HIMS04/13/0003,MANAGEMENT,400,1,2013/2014,,,0,0,0,0
328,MGS401,UBa/HIMS04/13/0075,MANAGEMENT,400,1,2013/2014,24,60,0,0,0,0
329,MGS401,UBa/HIMS04/13/0008,MANAGEMENT,400,1,2013/2014,,57,0,0,0,0
330,MGS401,UBa/HIMS04/13/0082,MANAGEMENT,400,1,2013/2014,24,40,0,0,0,0
331,MGS401,UBa/HIMS04/13/0011,MANAGEMENT,400,1,2013/2014,24,40,0,0,0,0
332,MGS401,UBa/HIMS04/13/0013,MANAGEMENT,400,1,2013/2014,19,46,0,0,0,0
333,MGS401,UBa/HIMS04/13/0084,MANAGEMENT,400,1,2013/2014,24,43,0,0,0,0
334,MGS401,UBa/HIMS04/13/0021,MANAGEMENT,400,1,2013/2014,19,40,0,0,0,0
335,MGS401,UBa/HIMS04/13/0030,MANAGEMENT,400,1,2013/2014,21,32,0,0,0,0
336,MGS401,UBa/HIMS04/13/0031,MANAGEMENT,400,1,2013/2014,24,40,0,0,0,0
337,MGS401,UBa/HIMS04/13/0091,MANAGEMENT,400,1,2013/2014,23,51,0,0,0,0
338,MGS401,UBa/HIMS04/13/0093,MANAGEMENT,400,1,2013/2014,10,37,0,0,0,0
339,MGS401,UBa/HIMS04/13/0095,MANAGEMENT,400,1,2013/2014,10,44,0,0,0,0
340,MGS401,UBa/HIMS04/13/0036,MANAGEMENT,400,1,2013/2014,20,55,0,0,0,0
341,MGS401,UBa/HIMS04/13/102,MANAGEMENT,400,1,2013/2014,20,36,0,0,0,0
342,MGS401,UBa/HIMS04/13/0042,MANAGEMENT,400,1,2013/2014,20,36,0,0,0,0
343,MGS401,UBa/HIMS04/13/0043,MANAGEMENT,400,1,2013/2014,23,28,0,0,0,0
344,MGS401,UBa/HIMS04/13/0049,MANAGEMENT,400,1,2013/2014,16,34,0,0,0,0
345,MGS401,UBa/HIMS04/13/0052,MANAGEMENT,400,1,2013/2014,20,58,0,0,0,0
346,MGS401,UBa/HIMS04/13/0053,MANAGEMENT,400,1,2013/2014,24,49,0,0,0,0
347,MGS401,UBa/HIMS04/13/0056,MANAGEMENT,400,1,2013/2014,20,45,0,0,0,0
348,MGS401,UBa/HIMS04/13/0060,MANAGEMENT,400,1,2013/2014,21,37,0,0,0,0
349,MGS401,UBa/HIMS04/13/0061,MANAGEMENT,400,1,2013/2014,17,42,0,0,0,0
350,MGS401,UBa/HIMS04/13/0067,MANAGEMENT,400,1,2013/2014,20,38,0,0,0,0
351,MGS401,UBa/HIMS04/13/0070,MANAGEMENT,400,1,2013/2014,,,0,0,0,0
352,MGS401,UBa/HIMS04/13/0108,MANAGEMENT,400,1,2013/2014,10,23,0,0,0,0
353,MGS401,UBa/HIMS04/13/0111,MANAGEMENT,400,1,2013/2014,25,49,0,0,0,0
354,MGS401,UBa/HIMS04/13/0114,MANAGEMENT,400,1,2013/2014,21,35,0,0,0,0
355,MGS401,UBa/HIMS04/13/0117,MANAGEMENT,400,1,2013/2014,17,34,0,0,0,0
356,MGS401,UBa/HIMS04/13/0122,MANAGEMENT,400,1,2013/2014,14,,0,0,0,0
357,MGS401,UBa/HIMS04/13/0125,MANAGEMENT,400,1,2013/2014,18,35,0,0,0,0
358,MGS401,UBa/HIMS04/13/0129,MANAGEMENT,400,1,2013/2014,12,30,0,0,0,0
359,MGS401,UBa/HIMS04/13/0130,MANAGEMENT,400,1,2013/2014,,,0,0,0,0
360,MGS401,UBa/HIMS04/13/0133,MANAGEMENT,400,1,2013/2014,12,43,0,0,0,0
361,MGS401,UBa/HIMS04/14/0047,MANAGEMENT,400,1,2013/2014,25,53,0,0,0,0
362,MGS401,UBa/HIMS04/14/0066,MANAGEMENT,400,1,2013/2014,21,30,0,0,0,0
363,MGS401,UBa/HIMS04/14/0106,MANAGEMENT,400,1,2013/2014,20,53,0,0,0,0
365,MGS405,UBa/HIMS04/13/0001,MANAGEMENT,400,1,2013/2014,20,49,0,0,0,0
366,MGS405,UBa/HIMS04/13/0003,MANAGEMENT,400,1,2013/2014,,,0,0,0,0
367,MGS405,UBa/HIMS04/13/0075,MANAGEMENT,400,1,2013/2014,18,47,0,0,0,0
368,MGS405,UBa/HIMS04/13/0008,MANAGEMENT,400,1,2013/2014,20,50,0,0,0,0
369,MGS405,UBa/HIMS04/13/0082,MANAGEMENT,400,1,2013/2014,20,43,0,0,0,0
370,MGS405,UBa/HIMS04/13/0011,MANAGEMENT,400,1,2013/2014,20,41,0,0,0,0
371,MGS405,UBa/HIMS04/13/0013,MANAGEMENT,400,1,2013/2014,19,48,0,0,0,0
372,MGS405,UBa/HIMS04/13/0084,MANAGEMENT,400,1,2013/2014,20,59,0,0,0,0
373,MGS405,UBa/HIMS04/13/0021,MANAGEMENT,400,1,2013/2014,23,39,0,0,0,0
374,MGS405,UBa/HIMS04/13/0030,MANAGEMENT,400,1,2013/2014,19,40,0,0,0,0
375,MGS405,UBa/HIMS04/13/0031,MANAGEMENT,400,1,2013/2014,22,51,0,0,0,0
376,MGS405,UBa/HIMS04/13/0091,MANAGEMENT,400,1,2013/2014,18,43,0,0,0,0
377,MGS405,UBa/HIMS04/13/0093,MANAGEMENT,400,1,2013/2014,,40,0,0,0,0
378,MGS405,UBa/HIMS04/13/0095,MANAGEMENT,400,1,2013/2014,17,44,0,0,0,0
379,MGS405,UBa/HIMS04/13/0036,MANAGEMENT,400,1,2013/2014,19,52,0,0,0,0
380,MGS405,UBa/HIMS04/13/102,MANAGEMENT,400,1,2013/2014,17,35,0,0,0,0
381,MGS405,UBa/HIMS04/13/0042,MANAGEMENT,400,1,2013/2014,17,36,0,0,0,0
382,MGS405,UBa/HIMS04/13/0043,MANAGEMENT,400,1,2013/2014,,58,0,0,0,0
383,MGS405,UBa/HIMS04/13/0049,MANAGEMENT,400,1,2013/2014,14,39,0,0,0,0
384,MGS405,UBa/HIMS04/13/0052,MANAGEMENT,400,1,2013/2014,19,58,0,0,0,0
385,MGS405,UBa/HIMS04/13/0053,MANAGEMENT,400,1,2013/2014,18,39,0,0,0,0
386,MGS405,UBa/HIMS04/13/0056,MANAGEMENT,400,1,2013/2014,18,39,0,0,0,0
387,MGS405,UBa/HIMS04/13/0060,MANAGEMENT,400,1,2013/2014,19,34,0,0,0,0
388,MGS405,UBa/HIMS04/13/0061,MANAGEMENT,400,1,2013/2014,,36,0,0,0,0
389,MGS405,UBa/HIMS04/13/0067,MANAGEMENT,400,1,2013/2014,19,29,0,0,0,0
390,MGS405,UBa/HIMS04/13/0070,MANAGEMENT,400,1,2013/2014,,,0,0,0,0
391,MGS405,UBa/HIMS04/13/0108,MANAGEMENT,400,1,2013/2014,19,34,0,0,0,0
392,MGS405,UBa/HIMS04/13/0111,MANAGEMENT,400,1,2013/2014,17,50,0,0,0,0
393,MGS405,UBa/HIMS04/13/0114,MANAGEMENT,400,1,2013/2014,17,33,0,0,0,0
394,MGS405,UBa/HIMS04/13/0117,MANAGEMENT,400,1,2013/2014,17,29,0,0,0,0
395,MGS405,UBa/HIMS04/13/0122,MANAGEMENT,400,1,2013/2014,15,28,0,0,0,0
396,MGS405,UBa/HIMS04/13/0125,MANAGEMENT,400,1,2013/2014,15,28,0,0,0,0
397,MGS405,UBa/HIMS04/13/0129,MANAGEMENT,400,1,2013/2014,16,24,0,0,0,0
398,MGS405,UBa/HIMS04/13/0130,MANAGEMENT,400,1,2013/2014,,,0,0,0,0
399,MGS405,UBa/HIMS04/13/0133,MANAGEMENT,400,1,2013/2014,16,41,0,0,0,0
400,MGS405,UBa/HIMS04/14/0047,MANAGEMENT,400,1,2013/2014,17,40,0,0,0,0
401,MGS405,UBa/HIMS04/14/0066,MANAGEMENT,400,1,2013/2014,20,25,0,0,0,0
402,MGS405,UBa/HIMS04/14/0106,MANAGEMENT,400,1,2013/2014,17,44,0,0,0,0
404,MGS403,UBa/HIMS04/13/0001,MANAGEMENT,400,1,2013/2014,,45,0,0,0,0
405,MGS403,UBa/HIMS04/13/0003,MANAGEMENT,400,1,2013/2014,,,0,0,0,0
406,MGS403,UBa/HIMS04/13/0075,MANAGEMENT,400,1,2013/2014,23,38,0,0,0,0
407,MGS403,UBa/HIMS04/13/0008,MANAGEMENT,400,1,2013/2014,17,50,0,0,0,0
408,MGS403,UBa/HIMS04/13/0082,MANAGEMENT,400,1,2013/2014,23,42,0,0,0,0
409,MGS403,UBa/HIMS04/13/0011,MANAGEMENT,400,1,2013/2014,22,37,0,0,0,0
410,MGS403,UBa/HIMS04/13/0013,MANAGEMENT,400,1,2013/2014,21.5,46,0,0,0,0
411,MGS403,UBa/HIMS04/13/0084,MANAGEMENT,400,1,2013/2014,20.5,38,0,0,0,0
412,MGS403,UBa/HIMS04/13/0021,MANAGEMENT,400,1,2013/2014,22,40,0,0,0,0
413,MGS403,UBa/HIMS04/13/0030,MANAGEMENT,400,1,2013/2014,,50,0,0,0,0
414,MGS403,UBa/HIMS04/13/0031,MANAGEMENT,400,1,2013/2014,22,32,0,0,0,0
415,MGS403,UBa/HIMS04/13/0091,MANAGEMENT,400,1,2013/2014,17,39,0,0,0,0
416,MGS403,UBa/HIMS04/13/0093,MANAGEMENT,400,1,2013/2014,19.5,34,0,0,0,0
417,MGS403,UBa/HIMS04/13/0095,MANAGEMENT,400,1,2013/2014,21,36,0,0,0,0
418,MGS403,UBa/HIMS04/13/0036,MANAGEMENT,400,1,2013/2014,23,40,0,0,0,0
419,MGS403,UBa/HIMS04/13/102,MANAGEMENT,400,1,2013/2014,20,35,0,0,0,0
420,MGS403,UBa/HIMS04/13/0042,MANAGEMENT,400,1,2013/2014,22,38,0,0,0,0
421,MGS403,UBa/HIMS04/13/0043,MANAGEMENT,400,1,2013/2014,,42,0,0,0,0
422,MGS403,UBa/HIMS04/13/0049,MANAGEMENT,400,1,2013/2014,19,36,0,0,0,0
423,MGS403,UBa/HIMS04/13/0052,MANAGEMENT,400,1,2013/2014,21.5,38,0,0,0,0
424,MGS403,UBa/HIMS04/13/0053,MANAGEMENT,400,1,2013/2014,22.5,43,0,0,0,0
425,MGS403,UBa/HIMS04/13/0056,MANAGEMENT,400,1,2013/2014,21.5,40,0,0,0,0
426,MGS403,UBa/HIMS04/13/0060,MANAGEMENT,400,1,2013/2014,19,44,0,0,0,0
427,MGS403,UBa/HIMS04/13/0061,MANAGEMENT,400,1,2013/2014,,33,0,0,0,0
428,MGS403,UBa/HIMS04/13/0067,MANAGEMENT,400,1,2013/2014,19,40,0,0,0,0
429,MGS403,UBa/HIMS04/13/0070,MANAGEMENT,400,1,2013/2014,,,0,0,0,0
430,MGS403,UBa/HIMS04/13/0108,MANAGEMENT,400,1,2013/2014,10,37,0,0,0,0
431,MGS403,UBa/HIMS04/13/0111,MANAGEMENT,400,1,2013/2014,22.5,40,0,0,0,0
432,MGS403,UBa/HIMS04/13/0114,MANAGEMENT,400,1,2013/2014,19,36,0,0,0,0
433,MGS403,UBa/HIMS04/13/0117,MANAGEMENT,400,1,2013/2014,18,34,0,0,0,0
434,MGS403,UBa/HIMS04/13/0122,MANAGEMENT,400,1,2013/2014,,40,0,0,0,0
435,MGS403,UBa/HIMS04/13/0125,MANAGEMENT,400,1,2013/2014,,34,0,0,0,0
436,MGS403,UBa/HIMS04/13/0129,MANAGEMENT,400,1,2013/2014,20,22,0,0,0,0
437,MGS403,UBa/HIMS04/13/0130,MANAGEMENT,400,1,2013/2014,,,0,0,0,0
438,MGS403,UBa/HIMS04/13/0133,MANAGEMENT,400,1,2013/2014,18,26,0,0,0,0
439,MGS403,UBa/HIMS04/14/0047,MANAGEMENT,400,1,2013/2014,22.5,32,0,0,0,0
440,MGS403,UBa/HIMS04/14/0066,MANAGEMENT,400,1,2013/2014,22,30,0,0,0,0
441,MGS403,UBa/HIMS04/14/0106,MANAGEMENT,400,1,2013/2014,19,30,0,0,0,0
443,MGS409,UBa/HIMS04/13/0001,MANAGEMENT,400,1,2013/2014,,56,0,0,0,0
444,MGS409,UBa/HIMS04/13/0003,MANAGEMENT,400,1,2013/2014,,,0,0,0,0
445,MGS409,UBa/HIMS04/13/0075,MANAGEMENT,400,1,2013/2014,22,48,0,0,0,0
446,MGS409,UBa/HIMS04/13/0008,MANAGEMENT,400,1,2013/2014,24,51,0,0,0,0
447,MGS409,UBa/HIMS04/13/0082,MANAGEMENT,400,1,2013/2014,22,44,0,0,0,0
448,MGS409,UBa/HIMS04/13/0011,MANAGEMENT,400,1,2013/2014,23,47,0,0,0,0
449,MGS409,UBa/HIMS04/13/0013,MANAGEMENT,400,1,2013/2014,18,52,0,0,0,0
450,MGS409,UBa/HIMS04/13/0084,MANAGEMENT,400,1,2013/2014,13,40,0,0,0,0
451,MGS409,UBa/HIMS04/13/0021,MANAGEMENT,400,1,2013/2014,22,54,0,0,0,0
452,MGS409,UBa/HIMS04/13/0030,MANAGEMENT,400,1,2013/2014,8,45,0,0,0,0
453,MGS409,UBa/HIMS04/13/0031,MANAGEMENT,400,1,2013/2014,16,49,0,0,0,0
454,MGS409,UBa/HIMS04/13/0091,MANAGEMENT,400,1,2013/2014,23,51,0,0,0,0
455,MGS409,UBa/HIMS04/13/0093,MANAGEMENT,400,1,2013/2014,15,27,0,0,0,0
456,MGS409,UBa/HIMS04/13/0095,MANAGEMENT,400,1,2013/2014,20,44,0,0,0,0
457,MGS409,UBa/HIMS04/13/0036,MANAGEMENT,400,1,2013/2014,24,50,0,0,0,0
458,MGS409,UBa/HIMS04/13/102,MANAGEMENT,400,1,2013/2014,20,46,0,0,0,0
459,MGS409,UBa/HIMS04/13/0042,MANAGEMENT,400,1,2013/2014,15,48,0,0,0,0
460,MGS409,UBa/HIMS04/13/0043,MANAGEMENT,400,1,2013/2014,20,51,0,0,0,0
461,MGS409,UBa/HIMS04/13/0049,MANAGEMENT,400,1,2013/2014,20,42,0,0,0,0
462,MGS409,UBa/HIMS04/13/0052,MANAGEMENT,400,1,2013/2014,23,37,0,0,0,0
463,MGS409,UBa/HIMS04/13/0053,MANAGEMENT,400,1,2013/2014,21,40,0,0,0,0
464,MGS409,UBa/HIMS04/13/0056,MANAGEMENT,400,1,2013/2014,18,41,0,0,0,0
465,MGS409,UBa/HIMS04/13/0060,MANAGEMENT,400,1,2013/2014,16,34,0,0,0,0
466,MGS409,UBa/HIMS04/13/0061,MANAGEMENT,400,1,2013/2014,,47,0,0,0,0
467,MGS409,UBa/HIMS04/13/0067,MANAGEMENT,400,1,2013/2014,16,,0,0,0,0
468,MGS409,UBa/HIMS04/13/0070,MANAGEMENT,400,1,2013/2014,,,0,0,0,0
469,MGS409,UBa/HIMS04/13/0108,MANAGEMENT,400,1,2013/2014,13,22,0,0,0,0
470,MGS409,UBa/HIMS04/13/0111,MANAGEMENT,400,1,2013/2014,26,32,0,0,0,0
471,MGS409,UBa/HIMS04/13/0114,MANAGEMENT,400,1,2013/2014,17,48,0,0,0,0
472,MGS409,UBa/HIMS04/13/0117,MANAGEMENT,400,1,2013/2014,20,35,0,0,0,0
473,MGS409,UBa/HIMS04/13/0122,MANAGEMENT,400,1,2013/2014,,46,0,0,0,0
474,MGS409,UBa/HIMS04/13/0125,MANAGEMENT,400,1,2013/2014,22,42,0,0,0,0
475,MGS409,UBa/HIMS04/13/0129,MANAGEMENT,400,1,2013/2014,15,28,0,0,0,0
476,MGS409,UBa/HIMS04/13/0130,MANAGEMENT,400,1,2013/2014,,,0,0,0,0
477,MGS409,UBa/HIMS04/13/0133,MANAGEMENT,400,1,2013/2014,15,26,0,0,0,0
478,MGS409,UBa/HIMS04/14/0047,MANAGEMENT,400,1,2013/2014,27,45,0,0,0,0
479,MGS409,UBa/HIMS04/14/0066,MANAGEMENT,400,1,2013/2014,24,35,0,0,0,0
480,MGS409,UBa/HIMS04/14/0106,MANAGEMENT,400,1,2013/2014,21,45,0,0,0,0
482,MGS407,UBa/HIMS04/13/0001,MANAGEMENT,400,1,2013/2014,9,47,0,0,0,0
483,MGS407,UBa/HIMS04/13/0003,MANAGEMENT,400,1,2013/2014,,,0,0,0,0
484,MGS407,UBa/HIMS04/13/0075,MANAGEMENT,400,1,2013/2014,12,42,0,0,0,0
485,MGS407,UBa/HIMS04/13/0008,MANAGEMENT,400,1,2013/2014,16,59,0,0,0,0
486,MGS407,UBa/HIMS04/13/0082,MANAGEMENT,400,1,2013/2014,6,21,0,0,0,0
487,MGS407,UBa/HIMS04/13/0011,MANAGEMENT,400,1,2013/2014,8,30,0,0,0,0
488,MGS407,UBa/HIMS04/13/0013,MANAGEMENT,400,1,2013/2014,6,28,0,0,0,0
489,MGS407,UBa/HIMS04/13/0084,MANAGEMENT,400,1,2013/2014,12,27,0,0,0,0
490,MGS407,UBa/HIMS04/13/0021,MANAGEMENT,400,1,2013/2014,,42,0,0,0,0
491,MGS407,UBa/HIMS04/13/0030,MANAGEMENT,400,1,2013/2014,9,20,0,0,0,0
492,MGS407,UBa/HIMS04/13/0031,MANAGEMENT,400,1,2013/2014,8,29,0,0,0,0
493,MGS407,UBa/HIMS04/13/0091,MANAGEMENT,400,1,2013/2014,10,36,0,0,0,0
494,MGS407,UBa/HIMS04/13/0093,MANAGEMENT,400,1,2013/2014,,32,0,0,0,0
495,MGS407,UBa/HIMS04/13/0095,MANAGEMENT,400,1,2013/2014,8,18,0,0,0,0
496,MGS407,UBa/HIMS04/13/0036,MANAGEMENT,400,1,2013/2014,19,44,0,0,0,0
497,MGS407,UBa/HIMS04/13/102,MANAGEMENT,400,1,2013/2014,,20,0,0,0,0
498,MGS407,UBa/HIMS04/13/0042,MANAGEMENT,400,1,2013/2014,9,28,0,0,0,0
499,MGS407,UBa/HIMS04/13/0043,MANAGEMENT,400,1,2013/2014,8,27,0,0,0,0
500,MGS407,UBa/HIMS04/13/0049,MANAGEMENT,400,1,2013/2014,11,30,0,0,0,0
501,MGS407,UBa/HIMS04/13/0052,MANAGEMENT,400,1,2013/2014,6,28,0,0,0,0
502,MGS407,UBa/HIMS04/13/0053,MANAGEMENT,400,1,2013/2014,5,29,0,0,0,0
503,MGS407,UBa/HIMS04/13/0056,MANAGEMENT,400,1,2013/2014,4,30,0,0,0,0
504,MGS407,UBa/HIMS04/13/0060,MANAGEMENT,400,1,2013/2014,7,33,0,0,0,0
505,MGS407,UBa/HIMS04/13/0061,MANAGEMENT,400,1,2013/2014,,16,0,0,0,0
506,MGS407,UBa/HIMS04/13/0067,MANAGEMENT,400,1,2013/2014,12,20,0,0,0,0
507,MGS407,UBa/HIMS04/13/0070,MANAGEMENT,400,1,2013/2014,,,0,0,0,0
508,MGS407,UBa/HIMS04/13/0108,MANAGEMENT,400,1,2013/2014,6,21,0,0,0,0
509,MGS407,UBa/HIMS04/13/0111,MANAGEMENT,400,1,2013/2014,11,29,0,0,0,0
510,MGS407,UBa/HIMS04/13/0114,MANAGEMENT,400,1,2013/2014,,19,0,0,0,0
511,MGS407,UBa/HIMS04/13/0117,MANAGEMENT,400,1,2013/2014,,27,0,0,0,0
512,MGS407,UBa/HIMS04/13/0122,MANAGEMENT,400,1,2013/2014,,28,0,0,0,0
513,MGS407,UBa/HIMS04/13/0125,MANAGEMENT,400,1,2013/2014,,22,0,0,0,0
514,MGS407,UBa/HIMS04/13/0129,MANAGEMENT,400,1,2013/2014,7,18,0,0,0,0
515,MGS407,UBa/HIMS04/13/0130,MANAGEMENT,400,1,2013/2014,,,0,0,0,0
516,MGS407,UBa/HIMS04/13/0133,MANAGEMENT,400,1,2013/2014,6,16,0,0,0,0
517,MGS407,UBa/HIMS04/14/0047,MANAGEMENT,400,1,2013/2014,15,50,0,0,0,0
518,MGS407,UBa/HIMS04/14/0066,MANAGEMENT,400,1,2013/2014,4,18,0,0,0,0
519,MGS407,UBa/HIMS04/14/0106,MANAGEMENT,400,1,2013/2014,12,21,0,0,0,0
521,MKT403,UBa/HIMS05/13/0073,MARKETING,400,1,2013/2014,20,34,0,0,0,0
522,MKT403,UBa/HIMS05/13/0014,MARKETING,400,1,2013/2014,18,34,0,0,0,0
523,MKT403,UBa/HIMS05/13/0018,MARKETING,400,1,2013/2014,17,49,0,0,0,0
524,MKT403,UBa/HIMS05/13/0087,MARKETING,400,1,2013/2014,,,0,0,0,0
525,MKT403,UBa/HIMS05/13/0023,MARKETING,400,1,2013/2014,21,55,0,0,0,0
526,MKT403,UBa/HIMS05/13/0044,MARKETING,400,1,2013/2014,,,0,0,0,0
527,MKT403,UBa/HIMS05/13/0058,MARKETING,400,1,2013/2014,24,39,0,0,0,0
528,MKT403,UBa/HIMS05/13/0121,MARKETING,400,1,2013/2014,,,0,0,0,0
529,MKT403,UBa/HIMS05/13/0127,MARKETING,400,1,2013/2014,,,0,0,0,0
530,MKT403,UBa/HIMS05/13/0131,MARKETING,400,1,2013/2014,19,33,0,0,0,0
531,MKT403,UBa/HIMS05/13/0136,MARKETING,400,1,2013/2014,15,20,0,0,0,0
532,MKT403,UBa/HIMS05/13/0137,MARKETING,400,1,2013/2014,18,53,0,0,0,0
533,MKT403,UBa/HIMS05/13/0139,MARKETING,400,1,2013/2014,18,42,0,0,0,0
534,MKT403,UBa/HIMS05/13/0142,MARKETING,400,1,2013/2014,24,57,0,0,0,0
535,MKT403,UBa/HIMS05/13/0143,MARKETING,400,1,2013/2014,,,0,0,0,0
536,MKT403,UBa/HIMS05/14/0071,MARKETING,400,1,2013/2014,21,50,0,0,0,0
537,MKT403,UBa/HIMS05/14/0141,MARKETING,400,1,2013/2014,,,0,0,0,0
539,MKT401,UBa/HIMS05/13/0073,MARKETING,400,1,2013/2014,19,53,0,0,0,0
540,MKT401,UBa/HIMS05/13/0014,MARKETING,400,1,2013/2014,18,53,0,0,0,0
541,MKT401,UBa/HIMS05/13/0018,MARKETING,400,1,2013/2014,19,53,0,0,0,0
542,MKT401,UBa/HIMS05/13/0087,MARKETING,400,1,2013/2014,,,0,0,0,0
543,MKT401,UBa/HIMS05/13/0023,MARKETING,400,1,2013/2014,19,50,0,0,0,0
544,MKT401,UBa/HIMS05/13/0044,MARKETING,400,1,2013/2014,,,0,0,0,0
545,MKT401,UBa/HIMS05/13/0058,MARKETING,400,1,2013/2014,18,40,0,0,0,0
546,MKT401,UBa/HIMS05/13/0121,MARKETING,400,1,2013/2014,,,0,0,0,0
547,MKT401,UBa/HIMS05/13/0127,MARKETING,400,1,2013/2014,,,0,0,0,0
548,MKT401,UBa/HIMS05/13/0131,MARKETING,400,1,2013/2014,19,44,0,0,0,0
549,MKT401,UBa/HIMS05/13/0136,MARKETING,400,1,2013/2014,19,44,0,0,0,0
550,MKT401,UBa/HIMS05/13/0137,MARKETING,400,1,2013/2014,21,53,0,0,0,0
551,MKT401,UBa/HIMS05/13/0139,MARKETING,400,1,2013/2014,18,40,0,0,0,0
552,MKT401,UBa/HIMS05/13/0142,MARKETING,400,1,2013/2014,16,45,0,0,0,0
553,MKT401,UBa/HIMS05/13/0143,MARKETING,400,1,2013/2014,15,55,0,0,0,0
554,MKT401,UBa/HIMS05/14/0071,MARKETING,400,1,2013/2014,17,46,0,0,0,0
555,MKT401,UBa/HIMS05/14/0141,MARKETING,400,1,2013/2014,,,0,0,0,0
557,MKT407,UBa/HIMS05/13/0073,MARKETING,400,1,2013/2014,12,34,0,0,0,0
558,MKT407,UBa/HIMS05/13/0014,MARKETING,400,1,2013/2014,,,0,0,0,0
559,MKT407,UBa/HIMS05/13/0018,MARKETING,400,1,2013/2014,14,36,0,0,0,0
560,MKT407,UBa/HIMS05/13/0087,MARKETING,400,1,2013/2014,,,0,0,0,0
561,MKT407,UBa/HIMS05/13/0023,MARKETING,400,1,2013/2014,16,50,0,0,0,0
562,MKT407,UBa/HIMS05/13/0044,MARKETING,400,1,2013/2014,,,0,0,0,0
563,MKT407,UBa/HIMS05/13/0058,MARKETING,400,1,2013/2014,12,38,0,0,0,0
564,MKT407,UBa/HIMS05/13/0121,MARKETING,400,1,2013/2014,,,0,0,0,0
565,MKT407,UBa/HIMS05/13/0127,MARKETING,400,1,2013/2014,,,0,0,0,0
566,MKT407,UBa/HIMS05/13/0131,MARKETING,400,1,2013/2014,12,32,0,0,0,0
567,MKT407,UBa/HIMS05/13/0136,MARKETING,400,1,2013/2014,4,28,0,0,0,0
568,MKT407,UBa/HIMS05/13/0137,MARKETING,400,1,2013/2014,12,36,0,0,0,0
569,MKT407,UBa/HIMS05/13/0139,MARKETING,400,1,2013/2014,,,0,0,0,0
570,MKT407,UBa/HIMS05/13/0142,MARKETING,400,1,2013/2014,13,43,0,0,0,0
571,MKT407,UBa/HIMS05/13/0143,MARKETING,400,1,2013/2014,12,45,0,0,0,0
572,MKT407,UBa/HIMS05/14/0071,MARKETING,400,1,2013/2014,16,50,0,0,0,0
573,MKT407,UBa/HIMS05/14/0141,MARKETING,400,1,2013/2014,,,0,0,0,0
575,MKT405,UBa/HIMS05/13/0073,MARKETING,400,1,2013/2014,23,47,0,0,0,0
576,MKT405,UBa/HIMS05/13/0014,MARKETING,400,1,2013/2014,,,0,0,0,0
577,MKT405,UBa/HIMS05/13/0018,MARKETING,400,1,2013/2014,26,36,0,0,0,0
578,MKT405,UBa/HIMS05/13/0087,MARKETING,400,1,2013/2014,,,0,0,0,0
579,MKT405,UBa/HIMS05/13/0023,MARKETING,400,1,2013/2014,18,49,0,0,0,0
580,MKT405,UBa/HIMS05/13/0044,MARKETING,400,1,2013/2014,,,0,0,0,0
581,MKT405,UBa/HIMS05/13/0058,MARKETING,400,1,2013/2014,20,46,0,0,0,0
582,MKT405,UBa/HIMS05/13/0121,MARKETING,400,1,2013/2014,,,0,0,0,0
583,MKT405,UBa/HIMS05/13/0127,MARKETING,400,1,2013/2014,,,0,0,0,0
584,MKT405,UBa/HIMS05/13/0131,MARKETING,400,1,2013/2014,21,34,0,0,0,0
585,MKT405,UBa/HIMS05/13/0136,MARKETING,400,1,2013/2014,20,12,0,0,0,0
586,MKT405,UBa/HIMS05/13/0137,MARKETING,400,1,2013/2014,19,42,0,0,0,0
587,MKT405,UBa/HIMS05/13/0139,MARKETING,400,1,2013/2014,13,32,0,0,0,0
588,MKT405,UBa/HIMS05/13/0142,MARKETING,400,1,2013/2014,16,30,0,0,0,0
589,MKT405,UBa/HIMS05/13/0143,MARKETING,400,1,2013/2014,17,38,0,0,0,0
590,MKT405,UBa/HIMS05/14/0071,MARKETING,400,1,2013/2014,21,51,0,0,0,0
591,MKT405,UBa/HIMS05/14/0141,MARKETING,400,1,2013/2014,,,0,0,0,0
593,MKT409,UBa/HIMS05/13/0073,MARKETING,400,1,2013/2014,17,36,0,0,0,0
594,MKT410,UBa/HIMS05/13/0014,MARKETING,400,1,2013/2014,,,0,0,0,0
595,MKT411,UBa/HIMS05/13/0018,MARKETING,400,1,2013/2014,20,51,0,0,0,0
596,MKT412,UBa/HIMS05/13/0087,MARKETING,400,1,2013/2014,,,0,0,0,0
597,MKT413,UBa/HIMS05/13/0023,MARKETING,400,1,2013/2014,19,45,0,0,0,0
598,MKT414,UBa/HIMS05/13/0044,MARKETING,400,1,2013/2014,,,0,0,0,0
599,MKT415,UBa/HIMS05/13/0058,MARKETING,400,1,2013/2014,18,48,0,0,0,0
600,MKT416,UBa/HIMS05/13/0121,MARKETING,400,1,2013/2014,,,0,0,0,0
601,MKT417,UBa/HIMS05/13/0127,MARKETING,400,1,2013/2014,,,0,0,0,0
602,MKT418,UBa/HIMS05/13/0131,MARKETING,400,1,2013/2014,18,35,0,0,0,0
603,MKT419,UBa/HIMS05/13/0136,MARKETING,400,1,2013/2014,11,29,0,0,0,0
604,MKT420,UBa/HIMS05/13/0137,MARKETING,400,1,2013/2014,16,39,0,0,0,0
605,MKT421,UBa/HIMS05/13/0139,MARKETING,400,1,2013/2014,15,37,0,0,0,0
606,MKT422,UBa/HIMS05/13/0142,MARKETING,400,1,2013/2014,17,46,0,0,0,0
607,MKT423,UBa/HIMS05/13/0143,MARKETING,400,1,2013/2014,20,46,0,0,0,0
608,MKT424,UBa/HIMS05/14/0071,MARKETING,400,1,2013/2014,20,60,0,0,0,0
609,MKT425,UBa/HIMS05/14/0141,MARKETING,400,1,2013/2014,,,0,0,0,0
611,INS407,UBa/HIMS03/13/0074,INSURANCE,400,1,2013/2013,27,66,0,0,0,0
612,INS407,UBa/HIMS03/13/0007,INSURANCE,400,1,2013/2014,28,55,0,0,0,0
613,INS407,UBa/HIMS03/13/0081,INSURANCE,400,1,2013/2014,23,37,0,0,0,0
614,INS407,UBa/HIMS03/13/0015,INSURANCE,400,1,2013/2014,27,62,0,0,0,0
615,INS407,UBa/HIMS03/13/0016,INSURANCE,400,1,2013/2014,30,50,0,0,0,0
616,INS407,UBa/HIMS03/13/0019,INSURANCE,400,1,2013/2014,27,45,0,0,0,0
617,INS407,UBa/HIMS03/13/0029,INSURANCE,400,1,2013/2014,27,45,0,0,0,0
618,INS407,UBa/HIMS03/13/0097,INSURANCE,400,1,2013/2014,21,34,0,0,0,0
619,INS407,UBa/HIMS03/13/0098,INSURANCE,400,1,2013/2014,20,25,0,0,0,0
620,INS407,UBa/HIMS03/13/0039,INSURANCE,400,1,2013/2014,27,55,0,0,0,0
621,INS407,UBa/HIMS03/13/0057,INSURANCE,400,1,2013/2014,28,33,0,0,0,0
622,INS407,UBa/HIMS03/13/0104,INSURANCE,400,1,2013/2014,24,50,0,0,0,0
623,INS407,UBa/HIMS03/13/0105,INSURANCE,400,1,2013/2014,,,0,0,0,0
624,INS407,UBa/HIMS03/13/0107,INSURANCE,400,1,2013/2014,25,46,0,0,0,0
625,INS407,UBa/HIMS03/13/0109,INSURANCE,400,1,2013/2014,26,68,0,0,0,0
626,INS407,UBa/HIMS03/13/0112,INSURANCE,400,1,2013/2014,27,44,0,0,0,0
627,INS407,UBa/HIMS03/13/0120,INSURANCE,400,1,2013/2014,22,35,0,0,0,0
628,INS407,UBa/HIMS03/13/0138,INSURANCE,400,1,2013/2014,21,50,0,0,0,0
629,INS407,UBa/HIMS03/13/0140,INSURANCE,400,1,2013/2014,21,41,0,0,0,0
630,INS407,UBa/HIMS03/14/0080,INSURANCE,400,1,2013/2014,,,0,0,0,0
631,INS407,UBa/HIMS03/14/0109,INSURANCE,400,1,2013/2014,26,68,0,0,0,0
632,INS407,UBa/HIMS03/14/0124,INSURANCE,400,1,2013/2014,,,0,0,0,0
634,INS401,UBa/HIMS03/13/0074,INSURANCE,400,1,2013/2013,14,61,0,0,0,0
635,INS401,UBa/HIMS03/13/0007,INSURANCE,400,1,2013/2014,13,42,0,0,0,0
636,INS401,UBa/HIMS03/13/0081,INSURANCE,400,1,2013/2014,5,40,0,0,0,0
637,INS401,UBa/HIMS03/13/0015,INSURANCE,400,1,2013/2014,19,61,0,0,0,0
638,INS401,UBa/HIMS03/13/0016,INSURANCE,400,1,2013/2014,17,48,0,0,0,0
639,INS401,UBa/HIMS03/13/0019,INSURANCE,400,1,2013/2014,19,42,0,0,0,0
640,INS401,UBa/HIMS03/13/0029,INSURANCE,400,1,2013/2014,16,45,0,0,0,0
641,INS401,UBa/HIMS03/13/0097,INSURANCE,400,1,2013/2014,10,23,0,0,0,0
642,INS401,UBa/HIMS03/13/0098,INSURANCE,400,1,2013/2014,13,21,0,0,0,0
643,INS401,UBa/HIMS03/13/0039,INSURANCE,400,1,2013/2014,18,35,0,0,0,0
644,INS401,UBa/HIMS03/13/0057,INSURANCE,400,1,2013/2014,21,48,0,0,0,0
645,INS401,UBa/HIMS03/13/0104,INSURANCE,400,1,2013/2014,18,50,0,0,0,0
646,INS401,UBa/HIMS03/13/0105,INSURANCE,400,1,2013/2014,,,0,0,0,0
647,INS401,UBa/HIMS03/13/0107,INSURANCE,400,1,2013/2014,13,44,0,0,0,0
648,INS401,UBa/HIMS03/13/0109,INSURANCE,400,1,2013/2014,17,62,0,0,0,0
649,INS401,UBa/HIMS03/13/0112,INSURANCE,400,1,2013/2014,20,40,0,0,0,0
650,INS401,UBa/HIMS03/13/0120,INSURANCE,400,1,2013/2014,8,27,0,0,0,0
651,INS401,UBa/HIMS03/13/0138,INSURANCE,400,1,2013/2014,9,40,0,0,0,0
652,INS401,UBa/HIMS03/13/0140,INSURANCE,400,1,2013/2014,12,48,0,0,0,0
653,INS401,UBa/HIMS03/14/0080,INSURANCE,400,1,2013/2014,,,0,0,0,0
654,INS401,UBa/HIMS03/14/0109,INSURANCE,400,1,2013/2014,17,62,0,0,0,0
655,INS401,UBa/HIMS03/14/0124,INSURANCE,400,1,2013/2014,,,0,0,0,0
657,INS421,UBa/HIMS03/13/0074,INSURANCE,400,1,2013/2013,13,35,0,0,0,0
658,INS421,UBa/HIMS03/13/0007,INSURANCE,400,1,2013/2014,16,29,0,0,0,0
659,INS421,UBa/HIMS03/13/0081,INSURANCE,400,1,2013/2014,13,27,0,0,0,0
660,INS421,UBa/HIMS03/13/0015,INSURANCE,400,1,2013/2014,16,37,0,0,0,0
661,INS421,UBa/HIMS03/13/0016,INSURANCE,400,1,2013/2014,22,28,0,0,0,0
662,INS421,UBa/HIMS03/13/0019,INSURANCE,400,1,2013/2014,18,32,0,0,0,0
663,INS421,UBa/HIMS03/13/0029,INSURANCE,400,1,2013/2014,16,26,0,0,0,0
664,INS421,UBa/HIMS03/13/0097,INSURANCE,400,1,2013/2014,19,28,0,0,0,0
665,INS421,UBa/HIMS03/13/0098,INSURANCE,400,1,2013/2014,18,26,0,0,0,0
666,INS421,UBa/HIMS03/13/0039,INSURANCE,400,1,2013/2014,13,25,0,0,0,0
667,INS421,UBa/HIMS03/13/0057,INSURANCE,400,1,2013/2014,18,32,0,0,0,0
668,INS421,UBa/HIMS03/13/0104,INSURANCE,400,1,2013/2014,20,53,0,0,0,0
669,INS421,UBa/HIMS03/13/0105,INSURANCE,400,1,2013/2014,,,0,0,0,0
670,INS421,UBa/HIMS03/13/0107,INSURANCE,400,1,2013/2014,19,28,0,0,0,0
671,INS421,UBa/HIMS03/13/0109,INSURANCE,400,1,2013/2014,18,28,0,0,0,0
672,INS421,UBa/HIMS03/13/0112,INSURANCE,400,1,2013/2014,14,31,0,0,0,0
673,INS421,UBa/HIMS03/13/0120,INSURANCE,400,1,2013/2014,18,20,0,0,0,0
674,INS421,UBa/HIMS03/13/0138,INSURANCE,400,1,2013/2014,19,33,0,0,0,0
675,INS421,UBa/HIMS03/13/0140,INSURANCE,400,1,2013/2014,16,21,0,0,0,0
676,INS421,UBa/HIMS03/14/0080,INSURANCE,400,1,2013/2014,,,0,0,0,0
677,INS421,UBa/HIMS03/14/0109,INSURANCE,400,1,2013/2014,18,28,0,0,0,0
678,INS421,UBa/HIMS03/14/0124,INSURANCE,400,1,2013/2014,,,0,0,0,0
680,INS405,UBa/HIMS03/13/0074,INSURANCE,400,1,2013/2013,24,58,0,0,0,0
681,INS405,UBa/HIMS03/13/0007,INSURANCE,400,1,2013/2014,26,49,0,0,0,0
682,INS405,UBa/HIMS03/13/0081,INSURANCE,400,1,2013/2014,19,29,0,0,0,0
683,INS405,UBa/HIMS03/13/0015,INSURANCE,400,1,2013/2014,28,53,0,0,0,0
684,INS405,UBa/HIMS03/13/0016,INSURANCE,400,1,2013/2014,27,39,0,0,0,0
685,INS405,UBa/HIMS03/13/0019,INSURANCE,400,1,2013/2014,23,52,0,0,0,0
686,INS405,UBa/HIMS03/13/0029,INSURANCE,400,1,2013/2014,20,29,0,0,0,0
687,INS405,UBa/HIMS03/13/0097,INSURANCE,400,1,2013/2014,23,36,0,0,0,0
688,INS405,UBa/HIMS03/13/0098,INSURANCE,400,1,2013/2014,18,18,0,0,0,0
689,INS405,UBa/HIMS03/13/0039,INSURANCE,400,1,2013/2014,19,49,0,0,0,0
690,INS405,UBa/HIMS03/13/0057,INSURANCE,400,1,2013/2014,23,43,0,0,0,0
691,INS405,UBa/HIMS03/13/0104,INSURANCE,400,1,2013/2014,27,50,0,0,0,0
692,INS405,UBa/HIMS03/13/0105,INSURANCE,400,1,2013/2014,,,0,0,0,0
693,INS405,UBa/HIMS03/13/0107,INSURANCE,400,1,2013/2014,21,46,0,0,0,0
694,INS405,UBa/HIMS03/13/0109,INSURANCE,400,1,2013/2014,20,47,0,0,0,0
695,INS405,UBa/HIMS03/13/0112,INSURANCE,400,1,2013/2014,27,35,0,0,0,0
696,INS405,UBa/HIMS03/13/0120,INSURANCE,400,1,2013/2014,24,21,0,0,0,0
697,INS405,UBa/HIMS03/13/0138,INSURANCE,400,1,2013/2014,24,44,0,0,0,0
698,INS405,UBa/HIMS03/13/0140,INSURANCE,400,1,2013/2014,27,52,0,0,0,0
699,INS405,UBa/HIMS03/14/0080,INSURANCE,400,1,2013/2014,,,0,0,0,0
700,INS405,UBa/HIMS03/14/0109,INSURANCE,400,1,2013/2014,20,47,0,0,0,0
701,INS405,UBa/HIMS03/14/0124,INSURANCE,400,1,2013/2014,,,0,0,0,0
703,INS403,UBa/HIMS03/13/0074,INSURANCE,400,1,2013/2013,24,62,0,0,0,0
704,INS403,UBa/HIMS03/13/0007,INSURANCE,400,1,2013/2014,17,45,0,0,0,0
705,INS403,UBa/HIMS03/13/0081,INSURANCE,400,1,2013/2014,23,46,0,0,0,0
706,INS403,UBa/HIMS03/13/0015,INSURANCE,400,1,2013/2014,20,54,0,0,0,0
707,INS403,UBa/HIMS03/13/0016,INSURANCE,400,1,2013/2014,8,36,0,0,0,0
708,INS403,UBa/HIMS03/13/0019,INSURANCE,400,1,2013/2014,22,51,0,0,0,0
709,INS403,UBa/HIMS03/13/0029,INSURANCE,400,1,2013/2014,22,34,0,0,0,0
710,INS403,UBa/HIMS03/13/0097,INSURANCE,400,1,2013/2014,,41,0,0,0,0
711,INS403,UBa/HIMS03/13/0098,INSURANCE,400,1,2013/2014,4,24.5,0,0,0,0
712,INS403,UBa/HIMS03/13/0039,INSURANCE,400,1,2013/2014,27,60,0,0,0,0
713,INS403,UBa/HIMS03/13/0057,INSURANCE,400,1,2013/2014,24,50,0,0,0,0
714,INS403,UBa/HIMS03/13/0104,INSURANCE,400,1,2013/2014,25,55,0,0,0,0
715,INS403,UBa/HIMS03/13/0105,INSURANCE,400,1,2013/2014,,,0,0,0,0
716,INS403,UBa/HIMS03/13/0107,INSURANCE,400,1,2013/2014,20,51,0,0,0,0
717,INS403,UBa/HIMS03/13/0109,INSURANCE,400,1,2013/2014,23,58,0,0,0,0
718,INS403,UBa/HIMS03/13/0112,INSURANCE,400,1,2013/2014,26,49,0,0,0,0
719,INS403,UBa/HIMS03/13/0120,INSURANCE,400,1,2013/2014,6,25,0,0,0,0
720,INS403,UBa/HIMS03/13/0138,INSURANCE,400,1,2013/2014,17,35.5,0,0,0,0
721,INS403,UBa/HIMS03/13/0140,INSURANCE,400,1,2013/2014,15,28,0,0,0,0
722,INS403,UBa/HIMS03/14/0080,INSURANCE,400,1,2013/2014,,,0,0,0,0
723,INS403,UBa/HIMS03/14/0109,INSURANCE,400,1,2013/2014,23,58,0,0,0,0
724,INS403,UBa/HIMS03/14/0124,INSURANCE,400,1,2013/2014,,,0,0,0,0
